launcher-1135824296a34abf9febde3afe44df87.png,http://localhost:5008/images/launcher-1135824296a34abf9febde3afe44df87.png,200
launcher-8067c96fcc79410bacca089b621fd4a7.png,http://localhost:5008/images/launcher-8067c96fcc79410bacca089b621fd4a7.png,200
launcher-7a26628c8d44423c9d62b023c1e8193f.png,http://localhost:5008/images/launcher-7a26628c8d44423c9d62b023c1e8193f.png,200
launcher-c19222d35fe64df6958292e0875aeb5f.png,http://localhost:5008/images/launcher-c19222d35fe64df6958292e0875aeb5f.png,200
launcher-6ca716a747f944529130d85469fea63f.png,http://localhost:5008/images/launcher-6ca716a747f944529130d85469fea63f.png,200
launcher-2ddd147d8dcb463a8a372deac37f2dde.png,http://localhost:5008/images/launcher-2ddd147d8dcb463a8a372deac37f2dde.png,200
launcher-403781113e394d72934f67557c869764.png,http://localhost:5008/images/launcher-403781113e394d72934f67557c869764.png,200
launcher-40cec8a82a4945dd8aeaac7780354b5f.png,http://localhost:5008/images/launcher-40cec8a82a4945dd8aeaac7780354b5f.png,200
launcher-c9fca65c97064e2381e5318d13c32000.png,http://localhost:5008/images/launcher-c9fca65c97064e2381e5318d13c32000.png,200
launcher-2f9f5a3789364156bd7e642f75e6f895.png,http://localhost:5008/images/launcher-2f9f5a3789364156bd7e642f75e6f895.png,200
launcher-4c5d8b4402564f518e74595d5895af0e.png,http://localhost:5008/images/launcher-4c5d8b4402564f518e74595d5895af0e.png,200
launcher-80f75e37294144649d27034f36fda460.png,http://localhost:5008/images/launcher-80f75e37294144649d27034f36fda460.png,200
launcher-9a415f44f3c8479681c0a79d3d7180b8.png,http://localhost:5008/images/launcher-9a415f44f3c8479681c0a79d3d7180b8.png,200
